{"stats":{"minecraft:mined":{"gravestone:gravestone":2,"minecraft:gravel":3,"minecraft:dirt":1,"immersive_weathering:spruce_leaf_pile":5},"minecraft:dropped":{"minecraft:bread":14,"gravestone:obituary":2,"minecraft:stick":1},"minecraft:custom":{"minecraft:time_since_rest":603,"minecraft:crouch_one_cm":610,"minecraft:play_time":8725,"minecraft:sprint_one_cm":25106,"minecraft:walk_one_cm":11070,"minecraft:damage_taken":630,"minecraft:deaths":2,"minecraft:sneak_time":231,"minecraft:walk_under_water_one_cm":800,"minecraft:drop":17,"minecraft:jump":422,"minecraft:damage_dealt":472,"minecraft:walk_on_water_one_cm":251,"minecraft:time_since_death":576,"minecraft:total_world_time":8725,"minecraft:swim_one_cm":766,"minecraft:fall_one_cm":15604,"minecraft:fly_one_cm":85828,"minecraft:player_kills":2},"minecraft:used":{"minecraft:gravel":3},"minecraft:picked_up":{"man:cassette_1safetyinstructions":1,"minecraft:stick":1,"minecraft:wooden_pickaxe":1,"minecraft:gravel":3,"minecraft:spruce_sapling":3,"minecraft:bread":21},"minecraft:killed_by":{"minecraft:player":2}},"DataVersion":3120}