{"stats":{"minecraft:mined":{"gravestone:gravestone":1,"minecraft:grass_block":1,"minecraft:stone":2,"minecraft:spruce_leaves":7,"minecraft:spruce_log":19,"minecraft:crafting_table":2},"minecraft:dropped":{"minecraft:bread":8},"minecraft:custom":{"minecraft:time_since_rest":5390,"minecraft:play_time":5390,"minecraft:sprint_one_cm":12084,"minecraft:damage_taken":176,"minecraft:walk_one_cm":9676,"minecraft:sneak_time":3,"minecraft:walk_under_water_one_cm":253,"minecraft:drop":1,"minecraft:jump":125,"minecraft:damage_dealt":287,"minecraft:time_since_death":5390,"minecraft:walk_on_water_one_cm":913,"minecraft:total_world_time":5390,"minecraft:player_kills":1,"minecraft:swim_one_cm":10820,"minecraft:interact_with_crafting_table":2,"minecraft:fall_one_cm":3910,"minecraft:fly_one_cm":31092},"minecraft:used":{"minecraft:wooden_axe":25,"minecraft:dirt":1,"minecraft:crafting_table":2,"minecraft:bread":1,"minecraft:wooden_pickaxe":2},"minecraft:crafted":{"minecraft:crafting_table":1,"minecraft:spruce_planks":16,"minecraft:stick":4,"minecraft:wooden_pickaxe":1,"minecraft:wooden_axe":1},"minecraft:picked_up":{"minecraft:crafting_table":2,"minecraft:stick":2,"minecraft:spruce_sapling":1,"minecraft:bread":2,"minecraft:spruce_log":18,"minecraft:dirt":1,"minecraft:cobblestone":1}},"DataVersion":3120}