{"stats":{"minecraft:mined":{"gravestone:gravestone":1,"minecraft:stone":13,"minecraft:spruce_log":7,"minecraft:spruce_leaves":4},"minecraft:custom":{"minecraft:time_since_rest":1558,"minecraft:crouch_one_cm":3518,"minecraft:play_time":9490,"minecraft:sprint_one_cm":21226,"minecraft:walk_one_cm":27948,"minecraft:damage_taken":767,"minecraft:deaths":2,"minecraft:sneak_time":1103,"minecraft:jump":349,"minecraft:damage_dealt":851,"minecraft:time_since_death":1516,"minecraft:total_world_time":9490,"minecraft:interact_with_crafting_table":1,"minecraft:player_kills":1,"minecraft:fall_one_cm":9276,"minecraft:fly_one_cm":44144},"minecraft:used":{"minecraft:dirt":1,"minecraft:cobblestone":2,"minecraft:crafting_table":1,"minecraft:bread":1,"minecraft:wooden_pickaxe":13},"minecraft:crafted":{"minecraft:crafting_table":1,"minecraft:spruce_planks":28,"minecraft:stick":4,"minecraft:wooden_pickaxe":1},"minecraft:picked_up":{"man:cassette_1safetyinstructions":1,"gravestone:obituary":1,"minecraft:spruce_log":7,"minecraft:dirt":1,"minecraft:cobblestone":12},"minecraft:killed_by":{"minecraft:player":2}},"DataVersion":3120}