{"stats":{"minecraft:mined":{"immersive_weathering:spruce_leaf_pile":1,"minecraft:stone":9,"minecraft:spruce_leaves":2,"minecraft:spruce_log":5,"minecraft:crafting_table":1},"minecraft:dropped":{"minecraft:bread":2,"man:cassette_1safetyinstructions":2,"minecraft:wooden_pickaxe":1},"minecraft:custom":{"minecraft:time_since_rest":11360,"minecraft:crouch_one_cm":1332,"minecraft:play_time":11360,"minecraft:sprint_one_cm":12901,"minecraft:damage_taken":812,"minecraft:walk_one_cm":12458,"minecraft:sneak_time":688,"minecraft:drop":5,"minecraft:jump":204,"minecraft:damage_dealt":280,"minecraft:time_since_death":11360,"minecraft:total_world_time":11360,"minecraft:player_kills":1,"minecraft:interact_with_crafting_table":4,"minecraft:fall_one_cm":5161,"minecraft:fly_one_cm":47136},"minecraft:used":{"minecraft:stone_axe":2,"minecraft:stone_sword":3,"minecraft:crafting_table":1,"minecraft:bread":6,"minecraft:wooden_pickaxe":9},"minecraft:crafted":{"minecraft:stone_sword":1,"minecraft:stone_axe":1,"minecraft:crafting_table":1,"minecraft:spruce_planks":20,"minecraft:stick":8,"minecraft:wooden_pickaxe":1,"minecraft:stone_pickaxe":1},"minecraft:picked_up":{"minecraft:crafting_table":1,"minecraft:spruce_sapling":3,"minecraft:spruce_log":5,"minecraft:cobblestone":9}},"DataVersion":3120}