{"stats":{"minecraft:mined":{"gravestone:gravestone":1},"minecraft:dropped":{"gravestone:obituary":1},"minecraft:custom":{"minecraft:jump":105,"minecraft:time_since_rest":520,"minecraft:crouch_one_cm":213,"minecraft:damage_dealt":390,"minecraft:deaths":2,"minecraft:sprint_one_cm":10189,"minecraft:play_time":2653,"minecraft:damage_taken":583,"minecraft:time_since_death":493,"minecraft:walk_one_cm":7343,"minecraft:sneak_time":32,"minecraft:total_world_time":2653,"minecraft:drop":1,"minecraft:fall_one_cm":3962,"minecraft:fly_one_cm":19471,"minecraft:player_kills":1},"minecraft:used":{"minecraft:bread":1,"minecraft:wooden_pickaxe":19},"minecraft:picked_up":{"minecraft:stick":1},"minecraft:killed_by":{"minecraft:player":2}},"DataVersion":3120}