{
  "minecraft:recipes/building_blocks/pink_concrete_powder": {
    "criteria": {
      "has_gravel": "2024-10-21 02:49:34 +0000"
    },
    "done": true
  },
  "minecraft:recipes/building_blocks/red_concrete_powder": {
    "criteria": {
      "has_gravel": "2024-10-21 02:49:34 +0000"
    },
    "done": true
  },
  "refurbished_furniture:recipes/refurbished_furniture/constructing/spruce_lattice_fence_gate": {
    "criteria": {
      "has_stick": "2024-10-21 02:51:08 +0000"
    },
    "done": true
  },
  "refurbished_furniture:recipes/refurbished_furniture/constructing/crimson_lattice_fence_gate": {
    "criteria": {
      "has_stick": "2024-10-21 02:51:08 +0000"
    },
    "done": true
  },
  "minecraft:recipes/tools/wooden_axe": {
    "criteria": {
      "has_stick": "2024-10-21 02:51:08 +0000"
    },
    "done": true
  },
  "refurbished_furniture:recipes/refurbished_furniture/constructing/jungle_lattice_fence_gate": {
    "criteria": {
      "has_stick": "2024-10-21 02:51:08 +0000"
    },
    "done": true
  },
  "minecraft:recipes/building_blocks/purple_concrete_powder": {
    "criteria": {
      "has_gravel": "2024-10-21 02:49:34 +0000"
    },
    "done": true
  },
  "refurbished_furniture:recipes/refurbished_furniture/constructing/acacia_lattice_fence": {
    "criteria": {
      "has_stick": "2024-10-21 02:51:08 +0000"
    },
    "done": true
  },
  "minecraft:recipes/building_blocks/magenta_concrete_powder": {
    "criteria": {
      "has_gravel": "2024-10-21 02:49:34 +0000"
    },
    "done": true
  },
  "refurbished_furniture:recipes/refurbished_furniture/constructing/oak_lattice_fence_gate": {
    "criteria": {
      "has_stick": "2024-10-21 02:51:08 +0000"
    },
    "done": true
  },
  "biomesoplenty:recipes/transportation/umbran_boat": {
    "criteria": {
      "in_water": "2024-10-21 02:49:29 +0000"
    },
    "done": true
  },
  "biomesoplenty:recipes/transportation/willow_boat": {
    "criteria": {
      "in_water": "2024-10-21 02:49:29 +0000"
    },
    "done": true
  },
  "biomesoplenty:recipes/transportation/palm_boat": {
    "criteria": {
      "in_water": "2024-10-21 02:49:29 +0000"
    },
    "done": true
  },
  "minecraft:recipes/building_blocks/lime_concrete_powder": {
    "criteria": {
      "has_gravel": "2024-10-21 02:49:34 +0000"
    },
    "done": true
  },
  "refurbished_furniture:recipes/refurbished_furniture/slicing/bread_slice_from_bread": {
    "criteria": {
      "has_bread": "2024-10-21 02:47:16 +0000"
    },
    "done": true
  },
  "refurbished_furniture:recipes/refurbished_furniture/constructing/oak_lattice_fence": {
    "criteria": {
      "has_stick": "2024-10-21 02:51:08 +0000"
    },
    "done": true
  },
  "biomesoplenty:recipes/transportation/hellbark_boat": {
    "criteria": {
      "in_water": "2024-10-21 02:49:29 +0000"
    },
    "done": true
  },
  "minecraft:recipes/building_blocks/yellow_concrete_powder": {
    "criteria": {
      "has_gravel": "2024-10-21 02:49:34 +0000"
    },
    "done": true
  },
  "minecraft:adventure/adventuring_time": {
    "criteria": {
      "minecraft:stony_shore": "2024-10-21 02:45:15 +0000",
      "minecraft:snowy_taiga": "2024-10-21 02:47:27 +0000"
    },
    "done": false
  },
  "minecraft:recipes/decorations/campfire": {
    "criteria": {
      "has_stick": "2024-10-21 02:51:08 +0000"
    },
    "done": true
  },
  "biomesoplenty:recipes/transportation/redwood_boat": {
    "criteria": {
      "in_water": "2024-10-21 02:49:29 +0000"
    },
    "done": true
  },
  "refurbished_furniture:recipes/refurbished_furniture/constructing/mangrove_lattice_fence_gate": {
    "criteria": {
      "has_stick": "2024-10-21 02:51:08 +0000"
    },
    "done": true
  },
  "minecraft:recipes/tools/wooden_pickaxe": {
    "criteria": {
      "has_stick": "2024-10-21 02:51:08 +0000"
    },
    "done": true
  },
  "refurbished_furniture:recipes/refurbished_furniture/constructing/warped_lattice_fence_gate": {
    "criteria": {
      "has_stick": "2024-10-21 02:51:08 +0000"
    },
    "done": true
  },
  "biomesoplenty:recipes/transportation/mahogany_boat": {
    "criteria": {
      "in_water": "2024-10-21 02:49:29 +0000"
    },
    "done": true
  },
  "minecraft:recipes/decorations/ladder": {
    "criteria": {
      "has_stick": "2024-10-21 02:51:08 +0000"
    },
    "done": true
  },
  "minecraft:recipes/transportation/birch_boat": {
    "criteria": {
      "in_water": "2024-10-21 02:49:29 +0000"
    },
    "done": true
  },
  "minecraft:recipes/building_blocks/brown_concrete_powder": {
    "criteria": {
      "has_gravel": "2024-10-21 02:49:34 +0000"
    },
    "done": true
  },
  "minecraft:recipes/transportation/mangrove_boat": {
    "criteria": {
      "in_water": "2024-10-21 02:49:29 +0000"
    },
    "done": true
  },
  "refurbished_furniture:recipes/refurbished_furniture/constructing/dark_oak_lattice_fence_gate": {
    "criteria": {
      "has_stick": "2024-10-21 02:51:08 +0000"
    },
    "done": true
  },
  "minecraft:recipes/building_blocks/green_concrete_powder": {
    "criteria": {
      "has_gravel": "2024-10-21 02:49:34 +0000"
    },
    "done": true
  },
  "minecraft:recipes/tools/wooden_shovel": {
    "criteria": {
      "has_stick": "2024-10-21 02:51:08 +0000"
    },
    "done": true
  },
  "refurbished_furniture:recipes/refurbished_furniture/constructing/crimson_lattice_fence": {
    "criteria": {
      "has_stick": "2024-10-21 02:51:08 +0000"
    },
    "done": true
  },
  "minecraft:recipes/transportation/acacia_boat": {
    "criteria": {
      "in_water": "2024-10-21 02:49:29 +0000"
    },
    "done": true
  },
  "biomesoplenty:recipes/transportation/dead_boat": {
    "criteria": {
      "in_water": "2024-10-21 02:49:29 +0000"
    },
    "done": true
  },
  "refurbished_furniture:recipes/refurbished_furniture/constructing/mangrove_lattice_fence": {
    "criteria": {
      "has_stick": "2024-10-21 02:51:08 +0000"
    },
    "done": true
  },
  "minecraft:adventure/root": {
    "criteria": {
      "killed_something": "2024-10-21 02:46:23 +0000"
    },
    "done": true
  },
  "minecraft:recipes/transportation/jungle_boat": {
    "criteria": {
      "in_water": "2024-10-21 02:49:29 +0000"
    },
    "done": true
  },
  "minecraft:recipes/transportation/spruce_boat": {
    "criteria": {
      "in_water": "2024-10-21 02:49:29 +0000"
    },
    "done": true
  },
  "minecraft:recipes/building_blocks/white_concrete_powder": {
    "criteria": {
      "has_gravel": "2024-10-21 02:49:34 +0000"
    },
    "done": true
  },
  "minecraft:recipes/combat/wooden_sword": {
    "criteria": {
      "has_stick": "2024-10-21 02:51:08 +0000"
    },
    "done": true
  },
  "refurbished_furniture:recipes/refurbished_furniture/constructing/acacia_lattice_fence_gate": {
    "criteria": {
      "has_stick": "2024-10-21 02:51:08 +0000"
    },
    "done": true
  },
  "minecraft:recipes/building_blocks/blue_concrete_powder": {
    "criteria": {
      "has_gravel": "2024-10-21 02:49:34 +0000"
    },
    "done": true
  },
  "minecraft:recipes/building_blocks/gray_concrete_powder": {
    "criteria": {
      "has_gravel": "2024-10-21 02:49:34 +0000"
    },
    "done": true
  },
  "minecraft:recipes/transportation/dark_oak_boat": {
    "criteria": {
      "in_water": "2024-10-21 02:49:29 +0000"
    },
    "done": true
  },
  "minecraft:recipes/food/baked_potato_from_smoking": {
    "criteria": {
      "has_potato": "2024-10-21 02:47:43 +0000"
    },
    "done": true
  },
  "refurbished_furniture:recipes/refurbished_furniture/constructing/jungle_lattice_fence": {
    "criteria": {
      "has_stick": "2024-10-21 02:51:08 +0000"
    },
    "done": true
  },
  "refurbished_furniture:recipes/heating/baked_potato": {
    "criteria": {
      "has_ingredient": "2024-10-21 02:47:43 +0000"
    },
    "done": true
  },
  "refurbished_furniture:recipes/refurbished_furniture/constructing/warped_lattice_fence": {
    "criteria": {
      "has_stick": "2024-10-21 02:51:08 +0000"
    },
    "done": true
  },
  "minecraft:recipes/tools/wooden_hoe": {
    "criteria": {
      "has_stick": "2024-10-21 02:51:08 +0000"
    },
    "done": true
  },
  "minecraft:recipes/food/baked_potato": {
    "criteria": {
      "has_potato": "2024-10-21 02:47:43 +0000"
    },
    "done": true
  },
  "refurbished_furniture:recipes/refurbished_furniture/constructing/birch_lattice_fence": {
    "criteria": {
      "has_stick": "2024-10-21 02:51:08 +0000"
    },
    "done": true
  },
  "refurbished_furniture:recipes/baking/baked_potato": {
    "criteria": {
      "has_ingredient": "2024-10-21 02:47:43 +0000"
    },
    "done": true
  },
  "biomesoplenty:recipes/transportation/jacaranda_boat": {
    "criteria": {
      "in_water": "2024-10-21 02:49:29 +0000"
    },
    "done": true
  },
  "biomesoplenty:recipes/transportation/magic_boat": {
    "criteria": {
      "in_water": "2024-10-21 02:49:29 +0000"
    },
    "done": true
  },
  "minecraft:recipes/building_blocks/black_concrete_powder": {
    "criteria": {
      "has_gravel": "2024-10-21 02:49:34 +0000"
    },
    "done": true
  },
  "minecraft:recipes/building_blocks/coarse_dirt": {
    "criteria": {
      "has_gravel": "2024-10-21 02:49:34 +0000"
    },
    "done": true
  },
  "refurbished_furniture:recipes/refurbished_furniture/constructing/birch_lattice_fence_gate": {
    "criteria": {
      "has_stick": "2024-10-21 02:51:08 +0000"
    },
    "done": true
  },
  "refurbished_furniture:recipes/refurbished_furniture/constructing/dark_oak_lattice_fence": {
    "criteria": {
      "has_stick": "2024-10-21 02:51:08 +0000"
    },
    "done": true
  },
  "minecraft:recipes/transportation/oak_boat": {
    "criteria": {
      "in_water": "2024-10-21 02:49:29 +0000"
    },
    "done": true
  },
  "minecraft:recipes/decorations/soul_campfire": {
    "criteria": {
      "has_stick": "2024-10-21 02:51:08 +0000"
    },
    "done": true
  },
  "minecraft:recipes/combat/crossbow": {
    "criteria": {
      "has_stick": "2024-10-21 02:51:08 +0000"
    },
    "done": true
  },
  "minecraft:recipes/building_blocks/light_gray_concrete_powder": {
    "criteria": {
      "has_gravel": "2024-10-21 02:49:34 +0000"
    },
    "done": true
  },
  "minecraft:recipes/building_blocks/light_blue_concrete_powder": {
    "criteria": {
      "has_gravel": "2024-10-21 02:49:34 +0000"
    },
    "done": true
  },
  "refurbished_furniture:recipes/refurbished_furniture/constructing/spruce_lattice_fence": {
    "criteria": {
      "has_stick": "2024-10-21 02:51:08 +0000"
    },
    "done": true
  },
  "biomesoplenty:recipes/transportation/cherry_boat": {
    "criteria": {
      "in_water": "2024-10-21 02:49:29 +0000"
    },
    "done": true
  },
  "minecraft:recipes/food/baked_potato_from_campfire_cooking": {
    "criteria": {
      "has_potato": "2024-10-21 02:47:43 +0000"
    },
    "done": true
  },
  "minecraft:recipes/building_blocks/orange_concrete_powder": {
    "criteria": {
      "has_gravel": "2024-10-21 02:49:34 +0000"
    },
    "done": true
  },
  "biomesoplenty:recipes/transportation/fir_boat": {
    "criteria": {
      "in_water": "2024-10-21 02:49:29 +0000"
    },
    "done": true
  },
  "minecraft:recipes/building_blocks/cyan_concrete_powder": {
    "criteria": {
      "has_gravel": "2024-10-21 02:49:34 +0000"
    },
    "done": true
  },
  "DataVersion": 3120
}