{
  "refurbished_furniture:recipes/refurbished_furniture/constructing/crimson_lattice_fence_gate": {
    "criteria": {
      "has_stick": "2024-10-21 02:50:22 +0000"
    },
    "done": true
  },
  "minecraft:recipes/tools/wooden_axe": {
    "criteria": {
      "has_stick": "2024-10-21 02:50:22 +0000"
    },
    "done": true
  },
  "refurbished_furniture:recipes/refurbished_furniture/constructing/jungle_lattice_fence_gate": {
    "criteria": {
      "has_stick": "2024-10-21 02:50:22 +0000"
    },
    "done": true
  },
  "minecraft:recipes/decorations/spruce_sign": {
    "criteria": {
      "has_planks": "2024-10-21 02:50:12 +0000"
    },
    "done": true
  },
  "minecraft:recipes/redstone/lever": {
    "criteria": {
      "has_cobblestone": "2024-10-21 02:52:07 +0000"
    },
    "done": true
  },
  "minecraft:recipes/building_blocks/cobblestone_stairs_from_cobblestone_stonecutting": {
    "criteria": {
      "has_cobblestone": "2024-10-21 02:52:07 +0000"
    },
    "done": true
  },
  "refurbished_furniture:recipes/refurbished_furniture/constructing/black_sofa": {
    "criteria": {
      "has_planks": "2024-10-21 02:50:12 +0000"
    },
    "done": true
  },
  "refurbished_furniture:recipes/refurbished_furniture/constructing/white_sofa": {
    "criteria": {
      "has_planks": "2024-10-21 02:50:12 +0000"
    },
    "done": true
  },
  "refurbished_furniture:recipes/refurbished_furniture/constructing/pink_lamp": {
    "criteria": {
      "has_planks": "2024-10-21 02:50:12 +0000"
    },
    "done": true
  },
  "minecraft:recipes/redstone/spruce_door": {
    "criteria": {
      "has_planks": "2024-10-21 02:50:12 +0000"
    },
    "done": true
  },
  "refurbished_furniture:recipes/refurbished_furniture/constructing/oak_lattice_fence_gate": {
    "criteria": {
      "has_stick": "2024-10-21 02:50:22 +0000"
    },
    "done": true
  },
  "refurbished_furniture:recipes/refurbished_furniture/constructing/light_blue_cooler": {
    "criteria": {
      "has_planks": "2024-10-21 02:50:12 +0000"
    },
    "done": true
  },
  "refurbished_furniture:recipes/refurbished_furniture/constructing/magenta_stool": {
    "criteria": {
      "has_planks": "2024-10-21 02:50:12 +0000"
    },
    "done": true
  },
  "refurbished_furniture:recipes/refurbished_furniture/constructing/brown_stool": {
    "criteria": {
      "has_planks": "2024-10-21 02:50:12 +0000"
    },
    "done": true
  },
  "refurbished_furniture:recipes/refurbished_furniture/slicing/bread_slice_from_bread": {
    "criteria": {
      "has_bread": "2024-10-21 02:47:16 +0000"
    },
    "done": true
  },
  "refurbished_furniture:recipes/refurbished_furniture/constructing/oak_lattice_fence": {
    "criteria": {
      "has_stick": "2024-10-21 02:50:22 +0000"
    },
    "done": true
  },
  "refurbished_furniture:recipes/refurbished_furniture/constructing/purple_stool": {
    "criteria": {
      "has_planks": "2024-10-21 02:50:12 +0000"
    },
    "done": true
  },
  "minecraft:recipes/redstone/spruce_fence_gate": {
    "criteria": {
      "has_planks": "2024-10-21 02:50:12 +0000"
    },
    "done": true
  },
  "refurbished_furniture:recipes/refurbished_furniture/constructing/blue_stool": {
    "criteria": {
      "has_planks": "2024-10-21 02:50:12 +0000"
    },
    "done": true
  },
  "refurbished_furniture:recipes/refurbished_furniture/constructing/lime_cooler": {
    "criteria": {
      "has_planks": "2024-10-21 02:50:12 +0000"
    },
    "done": true
  },
  "minecraft:recipes/decorations/crafting_table": {
    "criteria": {
      "has_planks": "2024-10-21 02:50:12 +0000"
    },
    "done": true
  },
  "minecraft:recipes/decorations/campfire": {
    "criteria": {
      "has_stick": "2024-10-21 02:50:22 +0000"
    },
    "done": true
  },
  "refurbished_furniture:recipes/refurbished_furniture/constructing/mangrove_lattice_fence_gate": {
    "criteria": {
      "has_stick": "2024-10-21 02:50:22 +0000"
    },
    "done": true
  },
  "refurbished_furniture:recipes/refurbished_furniture/constructing/gray_stool": {
    "criteria": {
      "has_planks": "2024-10-21 02:50:12 +0000"
    },
    "done": true
  },
  "minecraft:recipes/decorations/ladder": {
    "criteria": {
      "has_stick": "2024-10-21 02:50:22 +0000"
    },
    "done": true
  },
  "refurbished_furniture:recipes/refurbished_furniture/constructing/spruce_kitchen_drawer": {
    "criteria": {
      "has_spruce_planks": "2024-10-21 02:50:12 +0000"
    },
    "done": true
  },
  "refurbished_furniture:recipes/refurbished_furniture/constructing/black_stool": {
    "criteria": {
      "has_planks": "2024-10-21 02:50:12 +0000"
    },
    "done": true
  },
  "refurbished_furniture:recipes/refurbished_furniture/constructing/dark_oak_lattice_fence_gate": {
    "criteria": {
      "has_stick": "2024-10-21 02:50:22 +0000"
    },
    "done": true
  },
  "refurbished_furniture:recipes/refurbished_furniture/constructing/post_box": {
    "criteria": {
      "has_planks": "2024-10-21 02:50:12 +0000"
    },
    "done": true
  },
  "minecraft:recipes/redstone/spruce_button": {
    "criteria": {
      "has_planks": "2024-10-21 02:50:12 +0000"
    },
    "done": true
  },
  "minecraft:recipes/tools/wooden_shovel": {
    "criteria": {
      "has_stick": "2024-10-21 02:50:22 +0000"
    },
    "done": true
  },
  "refurbished_furniture:recipes/refurbished_furniture/constructing/spruce_toilet": {
    "criteria": {
      "has_spruce_planks": "2024-10-21 02:50:12 +0000"
    },
    "done": true
  },
  "refurbished_furniture:recipes/refurbished_furniture/constructing/spruce_mail_box": {
    "criteria": {
      "has_spruce_planks": "2024-10-21 02:50:12 +0000"
    },
    "done": true
  },
  "refurbished_furniture:recipes/refurbished_furniture/constructing/magenta_lamp": {
    "criteria": {
      "has_planks": "2024-10-21 02:50:12 +0000"
    },
    "done": true
  },
  "minecraft:recipes/misc/stick": {
    "criteria": {
      "has_planks": "2024-10-21 02:50:12 +0000"
    },
    "done": true
  },
  "minecraft:recipes/building_blocks/spruce_wood": {
    "criteria": {
      "has_log": "2024-10-21 02:49:25 +0000"
    },
    "done": true
  },
  "refurbished_furniture:recipes/refurbished_furniture/constructing/blue_sofa": {
    "criteria": {
      "has_planks": "2024-10-21 02:50:12 +0000"
    },
    "done": true
  },
  "refurbished_furniture:recipes/refurbished_furniture/constructing/red_sofa": {
    "criteria": {
      "has_planks": "2024-10-21 02:50:12 +0000"
    },
    "done": true
  },
  "refurbished_furniture:recipes/refurbished_furniture/constructing/brown_sofa": {
    "criteria": {
      "has_planks": "2024-10-21 02:50:12 +0000"
    },
    "done": true
  },
  "refurbished_furniture:recipes/refurbished_furniture/constructing/lime_lamp": {
    "criteria": {
      "has_planks": "2024-10-21 02:50:12 +0000"
    },
    "done": true
  },
  "refurbished_furniture:recipes/refurbished_furniture/constructing/purple_sofa": {
    "criteria": {
      "has_planks": "2024-10-21 02:50:12 +0000"
    },
    "done": true
  },
  "minecraft:recipes/combat/wooden_sword": {
    "criteria": {
      "has_stick": "2024-10-21 02:50:22 +0000"
    },
    "done": true
  },
  "minecraft:recipes/tools/stone_shovel": {
    "criteria": {
      "has_cobblestone": "2024-10-21 02:52:07 +0000"
    },
    "done": true
  },
  "refurbished_furniture:recipes/refurbished_furniture/constructing/acacia_lattice_fence_gate": {
    "criteria": {
      "has_stick": "2024-10-21 02:50:22 +0000"
    },
    "done": true
  },
  "refurbished_furniture:recipes/refurbished_furniture/constructing/cyan_cooler": {
    "criteria": {
      "has_planks": "2024-10-21 02:50:12 +0000"
    },
    "done": true
  },
  "refurbished_furniture:recipes/refurbished_furniture/constructing/light_blue_stool": {
    "criteria": {
      "has_planks": "2024-10-21 02:50:12 +0000"
    },
    "done": true
  },
  "refurbished_furniture:recipes/refurbished_furniture/constructing/cyan_stool": {
    "criteria": {
      "has_planks": "2024-10-21 02:50:12 +0000"
    },
    "done": true
  },
  "minecraft:recipes/building_blocks/spruce_slab": {
    "criteria": {
      "has_planks": "2024-10-21 02:50:12 +0000"
    },
    "done": true
  },
  "refurbished_furniture:recipes/refurbished_furniture/constructing/gray_cooler": {
    "criteria": {
      "has_planks": "2024-10-21 02:50:12 +0000"
    },
    "done": true
  },
  "refurbished_furniture:recipes/refurbished_furniture/constructing/yellow_cooler": {
    "criteria": {
      "has_planks": "2024-10-21 02:50:12 +0000"
    },
    "done": true
  },
  "refurbished_furniture:recipes/refurbished_furniture/constructing/cyan_sofa": {
    "criteria": {
      "has_planks": "2024-10-21 02:50:12 +0000"
    },
    "done": true
  },
  "minecraft:husbandry/balanced_diet": {
    "criteria": {
      "bread": "2024-10-21 02:51:59 +0000"
    },
    "done": false
  },
  "refurbished_furniture:recipes/refurbished_furniture/workbench": {
    "criteria": {
      "has_planks": "2024-10-21 02:50:12 +0000"
    },
    "done": true
  },
  "minecraft:recipes/tools/wooden_hoe": {
    "criteria": {
      "has_stick": "2024-10-21 02:50:22 +0000"
    },
    "done": true
  },
  "refurbished_furniture:recipes/refurbished_furniture/constructing/birch_lattice_fence": {
    "criteria": {
      "has_stick": "2024-10-21 02:50:22 +0000"
    },
    "done": true
  },
  "minecraft:recipes/building_blocks/cobblestone_slab": {
    "criteria": {
      "has_cobblestone": "2024-10-21 02:52:07 +0000"
    },
    "done": true
  },
  "refurbished_furniture:recipes/refurbished_furniture/constructing/lime_stool": {
    "criteria": {
      "has_planks": "2024-10-21 02:50:12 +0000"
    },
    "done": true
  },
  "refurbished_furniture:recipes/refurbished_furniture/constructing/magenta_cooler": {
    "criteria": {
      "has_planks": "2024-10-21 02:50:12 +0000"
    },
    "done": true
  },
  "refurbished_furniture:recipes/refurbished_furniture/constructing/spruce_basin": {
    "criteria": {
      "has_spruce_planks": "2024-10-21 02:50:12 +0000"
    },
    "done": true
  },
  "minecraft:recipes/building_blocks/cobblestone_stairs": {
    "criteria": {
      "has_cobblestone": "2024-10-21 02:52:07 +0000"
    },
    "done": true
  },
  "refurbished_furniture:recipes/refurbished_furniture/constructing/light_blue_lamp": {
    "criteria": {
      "has_planks": "2024-10-21 02:50:12 +0000"
    },
    "done": true
  },
  "refurbished_furniture:recipes/refurbished_furniture/constructing/spruce_desk": {
    "criteria": {
      "has_spruce_planks": "2024-10-21 02:50:12 +0000"
    },
    "done": true
  },
  "refurbished_furniture:recipes/refurbished_furniture/constructing/spruce_light_ceiling_fan": {
    "criteria": {
      "has_spruce_planks": "2024-10-21 02:50:12 +0000"
    },
    "done": true
  },
  "refurbished_furniture:recipes/refurbished_furniture/constructing/purple_cooler": {
    "criteria": {
      "has_planks": "2024-10-21 02:50:12 +0000"
    },
    "done": true
  },
  "refurbished_furniture:recipes/refurbished_furniture/constructing/light_gray_cooler": {
    "criteria": {
      "has_planks": "2024-10-21 02:50:12 +0000"
    },
    "done": true
  },
  "minecraft:story/root": {
    "criteria": {
      "crafting_table": "2024-10-21 02:50:22 +0000"
    },
    "done": true
  },
  "refurbished_furniture:recipes/refurbished_furniture/constructing/purple_lamp": {
    "criteria": {
      "has_planks": "2024-10-21 02:50:12 +0000"
    },
    "done": true
  },
  "minecraft:recipes/combat/crossbow": {
    "criteria": {
      "has_stick": "2024-10-21 02:50:22 +0000"
    },
    "done": true
  },
  "refurbished_furniture:recipes/refurbished_furniture/constructing/brown_cooler": {
    "criteria": {
      "has_planks": "2024-10-21 02:50:12 +0000"
    },
    "done": true
  },
  "refurbished_furniture:recipes/refurbished_furniture/constructing/red_lamp": {
    "criteria": {
      "has_planks": "2024-10-21 02:50:12 +0000"
    },
    "done": true
  },
  "minecraft:recipes/redstone/spruce_pressure_plate": {
    "criteria": {
      "has_planks": "2024-10-21 02:50:12 +0000"
    },
    "done": true
  },
  "refurbished_furniture:recipes/refurbished_furniture/constructing/magenta_sofa": {
    "criteria": {
      "has_planks": "2024-10-21 02:50:12 +0000"
    },
    "done": true
  },
  "refurbished_furniture:recipes/refurbished_furniture/constructing/pink_cooler": {
    "criteria": {
      "has_planks": "2024-10-21 02:50:12 +0000"
    },
    "done": true
  },
  "refurbished_furniture:recipes/refurbished_furniture/constructing/spruce_storage_cabinet": {
    "criteria": {
      "has_spruce_planks": "2024-10-21 02:50:12 +0000"
    },
    "done": true
  },
  "refurbished_furniture:recipes/refurbished_furniture/constructing/yellow_lamp": {
    "criteria": {
      "has_planks": "2024-10-21 02:50:12 +0000"
    },
    "done": true
  },
  "refurbished_furniture:recipes/refurbished_furniture/constructing/blue_lamp": {
    "criteria": {
      "has_planks": "2024-10-21 02:50:12 +0000"
    },
    "done": true
  },
  "refurbished_furniture:recipes/refurbished_furniture/constructing/black_cooler": {
    "criteria": {
      "has_planks": "2024-10-21 02:50:12 +0000"
    },
    "done": true
  },
  "refurbished_furniture:recipes/refurbished_furniture/constructing/spruce_lattice_fence_gate": {
    "criteria": {
      "has_spruce_planks": "2024-10-21 02:50:12 +0000"
    },
    "done": true
  },
  "refurbished_furniture:recipes/refurbished_furniture/constructing/white_cooler": {
    "criteria": {
      "has_planks": "2024-10-21 02:50:12 +0000"
    },
    "done": true
  },
  "refurbished_furniture:recipes/refurbished_furniture/constructing/gray_lamp": {
    "criteria": {
      "has_planks": "2024-10-21 02:50:12 +0000"
    },
    "done": true
  },
  "refurbished_furniture:recipes/refurbished_furniture/constructing/acacia_lattice_fence": {
    "criteria": {
      "has_stick": "2024-10-21 02:50:22 +0000"
    },
    "done": true
  },
  "refurbished_furniture:recipes/refurbished_furniture/constructing/cyan_lamp": {
    "criteria": {
      "has_planks": "2024-10-21 02:50:12 +0000"
    },
    "done": true
  },
  "refurbished_furniture:recipes/refurbished_furniture/constructing/light_gray_sofa": {
    "criteria": {
      "has_planks": "2024-10-21 02:50:12 +0000"
    },
    "done": true
  },
  "minecraft:story/mine_stone": {
    "criteria": {
      "get_stone": "2024-10-21 02:52:07 +0000"
    },
    "done": true
  },
  "minecraft:recipes/building_blocks/stone": {
    "criteria": {
      "has_cobblestone": "2024-10-21 02:52:07 +0000"
    },
    "done": true
  },
  "minecraft:recipes/decorations/furnace": {
    "criteria": {
      "has_cobblestone": "2024-10-21 02:52:07 +0000"
    },
    "done": true
  },
  "minecraft:adventure/adventuring_time": {
    "criteria": {
      "minecraft:stony_shore": "2024-10-21 02:44:37 +0000",
      "minecraft:snowy_taiga": "2024-10-21 02:47:48 +0000",
      "minecraft:frozen_ocean": "2024-10-21 02:52:02 +0000"
    },
    "done": false
  },
  "minecraft:recipes/misc/charcoal": {
    "criteria": {
      "has_log": "2024-10-21 02:49:25 +0000"
    },
    "done": true
  },
  "refurbished_furniture:recipes/refurbished_furniture/constructing/spruce_crate": {
    "criteria": {
      "has_spruce_planks": "2024-10-21 02:50:12 +0000"
    },
    "done": true
  },
  "minecraft:recipes/building_blocks/spruce_planks": {
    "criteria": {
      "has_logs": "2024-10-21 02:49:25 +0000"
    },
    "done": true
  },
  "minecraft:recipes/tools/wooden_pickaxe": {
    "criteria": {
      "has_stick": "2024-10-21 02:50:22 +0000"
    },
    "done": true
  },
  "refurbished_furniture:recipes/refurbished_furniture/constructing/orange_cooler": {
    "criteria": {
      "has_planks": "2024-10-21 02:50:12 +0000"
    },
    "done": true
  },
  "minecraft:recipes/building_blocks/cobblestone_slab_from_cobblestone_stonecutting": {
    "criteria": {
      "has_cobblestone": "2024-10-21 02:52:07 +0000"
    },
    "done": true
  },
  "refurbished_furniture:recipes/refurbished_furniture/constructing/warped_lattice_fence_gate": {
    "criteria": {
      "has_stick": "2024-10-21 02:50:22 +0000"
    },
    "done": true
  },
  "minecraft:husbandry/root": {
    "criteria": {
      "consumed_item": "2024-10-21 02:51:59 +0000"
    },
    "done": true
  },
  "refurbished_furniture:recipes/refurbished_furniture/constructing/spruce_storage_jar": {
    "criteria": {
      "has_spruce_planks": "2024-10-21 02:50:12 +0000"
    },
    "done": true
  },
  "minecraft:recipes/combat/stone_sword": {
    "criteria": {
      "has_cobblestone": "2024-10-21 02:52:07 +0000"
    },
    "done": true
  },
  "refurbished_furniture:recipes/refurbished_furniture/constructing/light_gray_stool": {
    "criteria": {
      "has_planks": "2024-10-21 02:50:12 +0000"
    },
    "done": true
  },
  "minecraft:recipes/decorations/cobblestone_wall": {
    "criteria": {
      "has_cobblestone": "2024-10-21 02:52:07 +0000"
    },
    "done": true
  },
  "minecraft:recipes/decorations/barrel": {
    "criteria": {
      "has_planks": "2024-10-21 02:50:12 +0000"
    },
    "done": true
  },
  "refurbished_furniture:recipes/refurbished_furniture/constructing/pink_stool": {
    "criteria": {
      "has_planks": "2024-10-21 02:50:12 +0000"
    },
    "done": true
  },
  "refurbished_furniture:recipes/refurbished_furniture/constructing/crimson_lattice_fence": {
    "criteria": {
      "has_stick": "2024-10-21 02:50:22 +0000"
    },
    "done": true
  },
  "minecraft:recipes/tools/stone_pickaxe": {
    "criteria": {
      "has_cobblestone": "2024-10-21 02:52:07 +0000"
    },
    "done": true
  },
  "refurbished_furniture:recipes/refurbished_furniture/constructing/orange_lamp": {
    "criteria": {
      "has_planks": "2024-10-21 02:50:12 +0000"
    },
    "done": true
  },
  "refurbished_furniture:recipes/refurbished_furniture/constructing/spruce_cutting_board": {
    "criteria": {
      "has_spruce_planks": "2024-10-21 02:50:12 +0000"
    },
    "done": true
  },
  "refurbished_furniture:recipes/refurbished_furniture/constructing/mangrove_lattice_fence": {
    "criteria": {
      "has_stick": "2024-10-21 02:50:22 +0000"
    },
    "done": true
  },
  "minecraft:adventure/root": {
    "criteria": {
      "killed_by_something": "2024-10-21 02:46:23 +0000"
    },
    "done": true
  },
  "refurbished_furniture:recipes/refurbished_furniture/constructing/light_blue_sofa": {
    "criteria": {
      "has_planks": "2024-10-21 02:50:12 +0000"
    },
    "done": true
  },
  "minecraft:recipes/decorations/cobblestone_wall_from_cobblestone_stonecutting": {
    "criteria": {
      "has_cobblestone": "2024-10-21 02:52:07 +0000"
    },
    "done": true
  },
  "refurbished_furniture:recipes/refurbished_furniture/constructing/yellow_sofa": {
    "criteria": {
      "has_planks": "2024-10-21 02:50:12 +0000"
    },
    "done": true
  },
  "refurbished_furniture:recipes/refurbished_furniture/constructing/green_lamp": {
    "criteria": {
      "has_planks": "2024-10-21 02:50:12 +0000"
    },
    "done": true
  },
  "refurbished_furniture:recipes/refurbished_furniture/constructing/spruce_chair": {
    "criteria": {
      "has_spruce_planks": "2024-10-21 02:50:12 +0000"
    },
    "done": true
  },
  "refurbished_furniture:recipes/refurbished_furniture/constructing/pink_sofa": {
    "criteria": {
      "has_planks": "2024-10-21 02:50:12 +0000"
    },
    "done": true
  },
  "refurbished_furniture:recipes/refurbished_furniture/constructing/spruce_kitchen_storage_cabinet": {
    "criteria": {
      "has_spruce_planks": "2024-10-21 02:50:12 +0000"
    },
    "done": true
  },
  "refurbished_furniture:recipes/refurbished_furniture/constructing/gray_sofa": {
    "criteria": {
      "has_planks": "2024-10-21 02:50:12 +0000"
    },
    "done": true
  },
  "refurbished_furniture:recipes/refurbished_furniture/constructing/black_lamp": {
    "criteria": {
      "has_planks": "2024-10-21 02:50:12 +0000"
    },
    "done": true
  },
  "refurbished_furniture:recipes/refurbished_furniture/constructing/spruce_bath": {
    "criteria": {
      "has_spruce_planks": "2024-10-21 02:50:12 +0000"
    },
    "done": true
  },
  "refurbished_furniture:recipes/refurbished_furniture/constructing/spruce_table": {
    "criteria": {
      "has_spruce_planks": "2024-10-21 02:50:12 +0000"
    },
    "done": true
  },
  "minecraft:recipes/tools/stone_hoe": {
    "criteria": {
      "has_cobblestone": "2024-10-21 02:52:07 +0000"
    },
    "done": true
  },
  "minecraft:recipes/decorations/spruce_fence": {
    "criteria": {
      "has_planks": "2024-10-21 02:50:12 +0000"
    },
    "done": true
  },
  "refurbished_furniture:recipes/refurbished_furniture/constructing/red_cooler": {
    "criteria": {
      "has_planks": "2024-10-21 02:50:12 +0000"
    },
    "done": true
  },
  "refurbished_furniture:recipes/refurbished_furniture/constructing/red_stool": {
    "criteria": {
      "has_planks": "2024-10-21 02:50:12 +0000"
    },
    "done": true
  },
  "refurbished_furniture:recipes/refurbished_furniture/constructing/jungle_lattice_fence": {
    "criteria": {
      "has_stick": "2024-10-21 02:50:22 +0000"
    },
    "done": true
  },
  "refurbished_furniture:recipes/refurbished_furniture/constructing/light_gray_lamp": {
    "criteria": {
      "has_planks": "2024-10-21 02:50:12 +0000"
    },
    "done": true
  },
  "refurbished_furniture:recipes/refurbished_furniture/constructing/white_lamp": {
    "criteria": {
      "has_planks": "2024-10-21 02:50:12 +0000"
    },
    "done": true
  },
  "refurbished_furniture:recipes/refurbished_furniture/constructing/yellow_stool": {
    "criteria": {
      "has_planks": "2024-10-21 02:50:12 +0000"
    },
    "done": true
  },
  "refurbished_furniture:recipes/refurbished_furniture/constructing/warped_lattice_fence": {
    "criteria": {
      "has_stick": "2024-10-21 02:50:22 +0000"
    },
    "done": true
  },
  "refurbished_furniture:recipes/refurbished_furniture/constructing/white_stool": {
    "criteria": {
      "has_planks": "2024-10-21 02:50:12 +0000"
    },
    "done": true
  },
  "refurbished_furniture:recipes/refurbished_furniture/constructing/green_cooler": {
    "criteria": {
      "has_planks": "2024-10-21 02:50:12 +0000"
    },
    "done": true
  },
  "minecraft:recipes/building_blocks/spruce_stairs": {
    "criteria": {
      "has_planks": "2024-10-21 02:50:12 +0000"
    },
    "done": true
  },
  "refurbished_furniture:recipes/refurbished_furniture/constructing/orange_stool": {
    "criteria": {
      "has_planks": "2024-10-21 02:50:12 +0000"
    },
    "done": true
  },
  "minecraft:recipes/redstone/spruce_trapdoor": {
    "criteria": {
      "has_planks": "2024-10-21 02:50:12 +0000"
    },
    "done": true
  },
  "refurbished_furniture:recipes/refurbished_furniture/constructing/brown_lamp": {
    "criteria": {
      "has_planks": "2024-10-21 02:50:12 +0000"
    },
    "done": true
  },
  "refurbished_furniture:recipes/refurbished_furniture/constructing/spruce_drawer": {
    "criteria": {
      "has_spruce_planks": "2024-10-21 02:50:12 +0000"
    },
    "done": true
  },
  "refurbished_furniture:recipes/refurbished_furniture/constructing/blue_cooler": {
    "criteria": {
      "has_planks": "2024-10-21 02:50:12 +0000"
    },
    "done": true
  },
  "refurbished_furniture:recipes/refurbished_furniture/constructing/spruce_kitchen_sink": {
    "criteria": {
      "has_spruce_planks": "2024-10-21 02:50:12 +0000"
    },
    "done": true
  },
  "refurbished_furniture:recipes/refurbished_furniture/constructing/birch_lattice_fence_gate": {
    "criteria": {
      "has_stick": "2024-10-21 02:50:22 +0000"
    },
    "done": true
  },
  "refurbished_furniture:recipes/refurbished_furniture/constructing/dark_oak_lattice_fence": {
    "criteria": {
      "has_stick": "2024-10-21 02:50:22 +0000"
    },
    "done": true
  },
  "refurbished_furniture:recipes/refurbished_furniture/constructing/green_stool": {
    "criteria": {
      "has_planks": "2024-10-21 02:50:12 +0000"
    },
    "done": true
  },
  "minecraft:recipes/decorations/soul_campfire": {
    "criteria": {
      "has_stick": "2024-10-21 02:50:22 +0000"
    },
    "done": true
  },
  "refurbished_furniture:recipes/refurbished_furniture/constructing/spruce_lattice_fence": {
    "criteria": {
      "has_spruce_planks": "2024-10-21 02:50:12 +0000"
    },
    "done": true
  },
  "minecraft:recipes/tools/stone_axe": {
    "criteria": {
      "has_cobblestone": "2024-10-21 02:52:07 +0000"
    },
    "done": true
  },
  "refurbished_furniture:recipes/refurbished_furniture/constructing/spruce_kitchen_cabinetry": {
    "criteria": {
      "has_spruce_planks": "2024-10-21 02:50:12 +0000"
    },
    "done": true
  },
  "immersive_weathering:immersive_weathering/dirts": {
    "criteria": {
      "dirt": "2024-10-21 02:48:55 +0000"
    },
    "done": false
  },
  "refurbished_furniture:recipes/refurbished_furniture/constructing/green_sofa": {
    "criteria": {
      "has_planks": "2024-10-21 02:50:12 +0000"
    },
    "done": true
  },
  "refurbished_furniture:recipes/refurbished_furniture/constructing/orange_sofa": {
    "criteria": {
      "has_planks": "2024-10-21 02:50:12 +0000"
    },
    "done": true
  },
  "refurbished_furniture:recipes/refurbished_furniture/constructing/lime_sofa": {
    "criteria": {
      "has_planks": "2024-10-21 02:50:12 +0000"
    },
    "done": true
  },
  "DataVersion": 3120
}